"_id",code,userId
596631fa6722f89978d88efa,test,YtuGXxnvcPAoTjbNb
596636686722f89978d88f05,A01,sJ9hRX2KdkmtQNNmd
596636e76722f89978d88f06,A02,eobt3CosDzEtxWW5P
596637566722f89978d88f07,A03,3ZJxRxNFMbsihHc9n
5966377e6722f89978d88f08,A04,iPppckgzp8sRDpzfy
596637a56722f89978d88f09,A05,rbRi3wxxtT43aXeWc
596637dd6722f89978d88f0a,B13,qs5XkSepn4qjBpzck
596638226722f89978d88f0b,A06,jSYk2HfqzPcM2Nsp2
596638466722f89978d88f0c,A07,hNFQhYYiZds7GPBSX
5966386e6722f89978d88f0d,A08,9BjE8bBgbi878bLbK
596638b66722f89978d88f0e,A09,Ls3zGvJ7wv3w3m665
596638f26722f89978d88f0f,B05,Dzk7fSkuN94xGo2Nn
596639246722f89978d88f10,B07,9G6ytzP9qiBSRDeCF
5966397b6722f89978d88f11,A10,cNwvGSE25coxwFsfo
5966399c6722f89978d88f12,A11,6tzxzhSYpdi74TZth
596639c46722f89978d88f13,A12,vn2i9Px8oneJsXfn3
59663a566722f89978d88f14,A13,ejRHjXD7gkkqPqt33
59663a896722f89978d88f15,A14,BcKgfS2coGNzsd4vJ
59663ab76722f89978d88f16,A15,S8gTWpiMcgjKXNCXy
59663aec6722f89978d88f17,B01,3sLik5kugaynxduWs
59663b256722f89978d88f18,B12,KoSvgxuF5KGjvL2g3
59663b7a6722f89978d88f19,B03,4ktCwsYwJ74tfAhz9
59663baa6722f89978d88f1a,B08,nRR9LHRL4bJXdGSX8
59663bd96722f89978d88f1b,B17,a5wK7kzhSdNkb6JfR
59663c026722f89978d88f1c,B18,yXRfo8vP4imWrjLmK
59663c236722f89978d88f1d,A16,7wCDFJMaqeZnFT93S
